,Qwen3 0.6B,Qwen3 1.7B,Qwen3 4B,Qwen3 8B,Qwen3 14B,Qwen3 32B,Qwen3 30B,Qwen3 235B,Gemma-3 270M,Gemma-3 1B,Gemma-3 4B,Gemma-3 12B,Gemma-3 27B,Ministral 8B,Mistral 7B v0.3,Mistral Nemo 12B,Mistral Small 3.2 24B,OLMo-2 1B,OLMo-2 7B,OLMo-2 13B,OLMo-2 32B,Aya Expanse 8B,Aya Expanse 32B,Human
Qwen3 0.6B,0.8468438107233781,0.8142573921344219,0.7239268100796602,0.7996397632054794,0.7978165520307345,0.7859752049048742,0.7050796600870597,0.7031085574856171,0.6527606954458134,0.707739301598989,0.7053896720592793,0.7014982310243142,0.7010741469187615,0.6728940445643204,0.6674066265042011,0.6454643842119437,0.7094880246199095,0.6639340337652426,0.6779604715796618,0.6804996662797071,0.6858985937558688,0.706878695770716,0.701862373871681,0.5886051647174053
Qwen3 1.7B,0.8142573921344219,0.8896007985640795,0.7793739345211249,0.8655134812379495,0.8611146309436896,0.8510096886983285,0.7659287626544634,0.7620004198490045,0.6553419483657974,0.7409081611877832,0.7526576485389318,0.7518634803784199,0.7515113048446485,0.7035244307456873,0.6927286448386999,0.6737252165109683,0.7651539946213747,0.6739359893859961,0.7064615980172768,0.7131120354701311,0.7239351259592252,0.7502874817603674,0.7460718155671389,0.6114064211646716
Qwen3 4B,0.7239268100796602,0.7793739345211249,0.9012300077157143,0.8000165417408331,0.8025260877150756,0.7943653061603888,0.8618554237561348,0.8495441128046085,0.6857129986611001,0.776336343242572,0.7958476801713308,0.7987758084749564,0.797467034520247,0.7413745433092117,0.7123211344656272,0.7037521801697902,0.8133673844047081,0.6944010946995173,0.7386725585812177,0.7452073998558215,0.7610002652192727,0.7857192271412947,0.7857087756578739,0.6479947894811631
Qwen3 8B,0.7996397632054794,0.8655134812379495,0.8000165417408331,0.9094851142320878,0.8980226203417166,0.8900985714716789,0.7980522351387219,0.7957656360589541,0.6521727784433831,0.7479957189315405,0.7742146907326503,0.7790036591199728,0.7795486855965394,0.7174201284463589,0.7010442257691653,0.6894030238573368,0.7933343294339302,0.6747740014241292,0.7152594253038749,0.7248592365246552,0.7413725446814146,0.7659673843628321,0.7681729409175041,0.6286461609678391
Qwen3 14B,0.7978165520307345,0.8611146309436896,0.8025260877150756,0.8980226203417166,0.9132290467237815,0.8964279630245306,0.8052458586601111,0.8049410458176564,0.6541057804403084,0.7505636108227265,0.7798591590462587,0.7868359535168379,0.7881773908933004,0.7221729646890591,0.7054285172468576,0.695108315272209,0.8013216681969472,0.6775164395570755,0.7193969132044377,0.7293647482609138,0.7470134573869216,0.7714170082257344,0.7754736282886603,0.636077654438141
Qwen3 32B,0.7859752049048742,0.8510096886983285,0.7943653061603888,0.8900985714716789,0.8964279630245306,0.9030319168017461,0.8013910651589051,0.8031381489374698,0.64556834132322,0.7426395553044783,0.7736984934180211,0.7823882743334158,0.7850567473050876,0.7148347174509978,0.6979474542996822,0.688064688214889,0.7987573914038829,0.6719608569756532,0.7125342292663378,0.7230162757329451,0.7409084631082339,0.7631989508867264,0.7691470266152651,0.6309440956665919
Qwen3 30B,0.7050796600870597,0.7659287626544634,0.8618554237561348,0.7980522351387219,0.8052458586601111,0.8013910651589051,0.9051481366157532,0.8734852551649779,0.6766602421481076,0.7729363880096338,0.8053709182219627,0.8173622159621654,0.8181368883603658,0.7476269205029195,0.712283606101305,0.7146462146288309,0.8304364154736201,0.6894947260618209,0.7401329204822198,0.7510303882834238,0.7676541485083409,0.7922409918827888,0.796682628034017,0.6610825950518633
Qwen3 235B,0.7031085574856171,0.7620004198490045,0.8495441128046085,0.7957656360589541,0.8049410458176564,0.8031381489374698,0.8734852551649779,0.906517348304773,0.6766335408761139,0.7683283165861399,0.8051587422688802,0.8210533826779096,0.824974428766813,0.7520879092124793,0.7164628771253121,0.7203908626849834,0.8355745347646567,0.6925368598638437,0.7436813407219374,0.7541265494548357,0.7735198337298174,0.7954045067995023,0.8066330549044487,0.6716525560388198
Gemma-3 270M,0.6527606954458134,0.6553419483657974,0.6857129986611001,0.6521727784433831,0.6541057804403084,0.64556834132322,0.6766602421481076,0.6766335408761139,0.7722535964609112,0.7098391598861444,0.7020791211287589,0.7026563603191572,0.6999617482901845,0.6685798093101972,0.6476534845206915,0.6413548081960041,0.6800642842498721,0.6576213956185663,0.6722136944302557,0.6721401067503314,0.6749772796823923,0.6938577155297704,0.689716086749246,0.5985822528983756
Gemma-3 1B,0.707739301598989,0.7409081611877832,0.776336343242572,0.7479957189315405,0.7505636108227265,0.7426395553044783,0.7729363880096338,0.7683283165861399,0.7098391598861444,0.8654374474898363,0.8209835034150343,0.8115156138936679,0.8055087766204125,0.7330270746197456,0.7023967350140596,0.696961667904487,0.7712691970360585,0.6947372674177854,0.7335322876771291,0.7373235428944612,0.7463231873053771,0.7748061186228044,0.7715018208210285,0.6373900144146039
Gemma-3 4B,0.7053896720592793,0.7526576485389318,0.7958476801713308,0.7742146907326503,0.7798591590462587,0.7736984934180211,0.8053709182219627,0.8051587422688802,0.7020791211287589,0.8209835034150343,0.8958666879397172,0.8600705646551572,0.8573745884192295,0.7506916539791303,0.7176516386178824,0.72400931257468,0.8056763876707126,0.6964200247938817,0.747970278102618,0.7565764652612882,0.7738539678928179,0.7994264199947699,0.8040426569871414,0.6676120107372602
Gemma-3 12B,0.7014982310243142,0.7518634803784199,0.7987758084749564,0.7790036591199728,0.7868359535168379,0.7823882743334158,0.8173622159621654,0.8210533826779096,0.7026563603191572,0.8115156138936679,0.8600705646551572,0.9068444088483468,0.882863190311652,0.7566976280930715,0.7236579537773744,0.7331332329374093,0.818573810886114,0.6998300454173333,0.7541215700216782,0.763384287059307,0.784650795505597,0.8071410911205488,0.8182743340730667,0.6803119378212171
Gemma-3 27B,0.7010741469187615,0.7515113048446485,0.797467034520247,0.7795486855965394,0.7881773908933004,0.7850567473050876,0.8181368883603658,0.824974428766813,0.6999617482901845,0.8055087766204125,0.8573745884192295,0.882863190311652,0.914128789687768,0.7568905428816111,0.7239374469488095,0.7339823806515107,0.8208500223282056,0.6989377728257424,0.7537392918880169,0.7635230243206024,0.7859563765617518,0.8076368636045701,0.820776740136819,0.6822498841927602
Ministral 8B,0.6728940445643204,0.7035244307456873,0.7413745433092117,0.7174201284463589,0.7221729646890591,0.7148347174509978,0.7476269205029195,0.7520879092124793,0.6685798093101972,0.7330270746197456,0.7506916539791303,0.7566976280930715,0.7568905428816111,0.7848216470999595,0.7177002981305123,0.7279575909559544,0.7649940065848522,0.6869947716211662,0.7380878163071779,0.7453239643420928,0.7581478560964267,0.7783740805509763,0.7802626570829978,0.6546905455680994
Mistral 7B v0.3,0.6674066265042011,0.6927286448386999,0.7123211344656272,0.7010442257691653,0.7054285172468576,0.6979474542996822,0.712283606101305,0.7164628771253121,0.6476534845206915,0.7023967350140596,0.7176516386178824,0.7236579537773744,0.7239374469488095,0.7177002981305123,0.775737538933754,0.7108542982202309,0.7303458347534522,0.6738383792149715,0.7200172858742567,0.7277854441832273,0.7411153414692634,0.7563064687527143,0.754991639806674,0.6432897087091055
Mistral Nemo 12B,0.6454643842119437,0.6737252165109683,0.7037521801697902,0.6894030238573368,0.695108315272209,0.688064688214889,0.7146462146288309,0.7203908626849834,0.6413548081960041,0.696961667904487,0.72400931257468,0.7331332329374093,0.7339823806515107,0.7279575909559544,0.7108542982202309,0.7657113605584853,0.7327809452246397,0.6595373657269356,0.7119338177717649,0.7214895645013222,0.7400767925075996,0.7513210471623983,0.7574216455221177,0.6536778159248523
Mistral Small 3.2 24B,0.7094880246199095,0.7651539946213747,0.8133673844047081,0.7933343294339302,0.8013216681969472,0.7987573914038829,0.8304364154736201,0.8355745347646567,0.6800642842498721,0.7712691970360585,0.8056763876707126,0.818573810886114,0.8208500223282056,0.7649940065848522,0.7303458347534522,0.7327809452246397,0.8684630297697508,0.7017966085519546,0.7533877620330224,0.7648866664522733,0.7832033889415937,0.8099537713405414,0.8186844640053236,0.6751619241558589
OLMo-2 1B,0.6639340337652426,0.6739359893859961,0.6944010946995173,0.6747740014241292,0.6775164395570755,0.6719608569756532,0.6894947260618209,0.6925368598638437,0.6576213956185663,0.6947372674177854,0.6964200247938817,0.6998300454173333,0.6989377728257424,0.6869947716211662,0.6738383792149715,0.6595373657269356,0.7017966085519546,0.7314039327395268,0.7156602153411278,0.7148000646860172,0.7117058151043378,0.7200366639173947,0.7170911765251404,0.6096894753667025
OLMo-2 7B,0.6779604715796618,0.7064615980172768,0.7386725585812177,0.7152594253038749,0.7193969132044377,0.7125342292663378,0.7401329204822198,0.7436813407219374,0.6722136944302557,0.7335322876771291,0.747970278102618,0.7541215700216782,0.7537392918880169,0.7380878163071779,0.7200172858742567,0.7119338177717649,0.7533877620330224,0.7156602153411278,0.7910198904764958,0.7745422495481296,0.7722504479380754,0.7801730855153157,0.7807020603082119,0.6546077391275993
OLMo-2 13B,0.6804996662797071,0.7131120354701311,0.7452073998558215,0.7248592365246552,0.7293647482609138,0.7230162757329451,0.7510303882834238,0.7541265494548357,0.6721401067503314,0.7373235428944612,0.7565764652612882,0.763384287059307,0.7635230243206024,0.7453239643420928,0.7277854441832273,0.7214895645013222,0.7648866664522733,0.7148000646860172,0.7745422495481296,0.8133769110227242,0.787549643103893,0.7926691892055365,0.7919489003908939,0.661017648379008
OLMo-2 32B,0.6858985937558688,0.7239351259592252,0.7610002652192727,0.7413725446814146,0.7470134573869216,0.7409084631082339,0.7676541485083409,0.7735198337298174,0.6749772796823923,0.7463231873053771,0.7738539678928179,0.784650795505597,0.7859563765617518,0.7581478560964267,0.7411153414692634,0.7400767925075996,0.7832033889415937,0.7117058151043378,0.7722504479380754,0.787549643103893,0.8315725658184443,0.8064966442493292,0.8094804844030967,0.6756917904202755
Aya Expanse 8B,0.706878695770716,0.7502874817603674,0.7857192271412947,0.7659673843628321,0.7714170082257344,0.7631989508867264,0.7922409918827888,0.7954045067995023,0.6938577155297704,0.7748061186228044,0.7994264199947699,0.8071410911205488,0.8076368636045701,0.7783740805509763,0.7563064687527143,0.7513210471623983,0.8099537713405414,0.7200366639173947,0.7801730855153157,0.7926691892055365,0.8064966442493292,0.9007675397090423,0.8659568627675375,0.6806498439266131
Aya Expanse 32B,0.701862373871681,0.7460718155671389,0.7857087756578739,0.7681729409175041,0.7754736282886603,0.7691470266152651,0.796682628034017,0.8066330549044487,0.689716086749246,0.7715018208210285,0.8040426569871414,0.8182743340730667,0.820776740136819,0.7802626570829978,0.754991639806674,0.7574216455221177,0.8186844640053236,0.7170911765251404,0.7807020603082119,0.7919489003908939,0.8094804844030967,0.8659568627675375,0.9101082237867208,0.692370245548395
Human,0.5886051647174053,0.6114064211646716,0.6479947894811631,0.6286461609678391,0.636077654438141,0.6309440956665919,0.6610825950518633,0.6716525560388198,0.5985822528983756,0.6373900144146039,0.6676120107372602,0.6803119378212171,0.6822498841927602,0.6546905455680994,0.6432897087091055,0.6536778159248523,0.6751619241558589,0.6096894753667025,0.6546077391275993,0.661017648379008,0.6756917904202755,0.6806498439266131,0.692370245548395,0.6568559354696518
